epoch,train_loss,validation_loss,validation_accuracy,validation_macro_f1,validation_macro_precision,validation_macro_recall,validation_64qam_recall
1,0.5532486038367256,0.5082090004724042,0.6116446578631453,0.6006324000761719,0.6334756954173756,0.6116446578631453,0.3445378151260504
2,0.372692231052745,0.522342388846484,0.6320528211284514,0.6163120898437907,0.6703519162516958,0.6320528211284514,0.3067226890756303
3,0.3288471146191779,0.4203744487506764,0.6498599439775911,0.6073357614269465,0.6950564689096114,0.6498599439775911,0.02661064425770308
4,0.309847624729023,0.4417156878353453,0.65406162464986,0.632641769199111,0.7138009813737217,0.6540616246498601,0.6176470588235294
5,0.29170794780105846,0.3958499733568812,0.6966786714685874,0.681815283697367,0.7066672369540336,0.6966786714685875,0.592436974789916
6,0.28295673295272944,0.4525733295919038,0.6716686674669868,0.6607929736432389,0.7079169960291206,0.6716686674669868,0.5182072829131653
7,0.27306729900504384,0.4318555120517369,0.6770708283313326,0.6627844908359302,0.6834103406994136,0.6770708283313326,0.39915966386554624
8,0.2609175499856439,0.3610641581504619,0.7056822729091636,0.6981930338522844,0.7108456206492502,0.7056822729091637,0.3557422969187675
9,0.2671969986095415,0.45366597514288004,0.6660664265706282,0.6290100520281389,0.7235348582642692,0.6660664265706283,0.036414565826330535
10,0.2605319561216608,0.3209141988594945,0.7310924369747899,0.7226545140103849,0.7366997772959368,0.7310924369747899,0.6050420168067226
11,0.25104836520463536,0.4106294949825595,0.6750700280112045,0.6509821488634369,0.7694700046776178,0.6750700280112045,0.10364145658263306
12,0.24844317042420416,0.3558532821984232,0.7306922769107643,0.7275896263089991,0.7523558007009977,0.7306922769107643,0.46078431372549017
13,0.2409543867064004,0.3684120340054395,0.7138855542216886,0.6981081837676663,0.7279038886801379,0.7138855542216886,0.25910364145658266
14,0.24149274021765552,0.35519374362608586,0.7274909963985594,0.7137789105813643,0.7306318620342019,0.7274909963985594,0.36134453781512604
15,0.24084635741458144,0.32558732313745353,0.7242897158863545,0.7129458484560338,0.7276638756646943,0.7242897158863546,0.34173669467787116
16,0.23743735305363745,0.33732732053564374,0.7212885154061625,0.7073586288561202,0.747972177390447,0.7212885154061625,0.7030812324929971
17,0.23279043868051483,0.36204628575415837,0.7308923569427771,0.7172538518299945,0.728845592963222,0.7308923569427772,0.5504201680672269
18,0.23399961175341724,0.32629249205871697,0.7348939575830332,0.7288875490157698,0.7701668295093501,0.7348939575830332,0.6148459383753502
19,0.22740262945572529,0.32917448914065367,0.7476990796318528,0.7425280889800521,0.7738420048140922,0.7476990796318528,0.5672268907563025
20,0.23144201357534094,0.32481110227160476,0.7296918767507002,0.7174975306811826,0.7352494232912906,0.7296918767507002,0.6218487394957983
21,0.22717253851686886,0.29850298411944426,0.741296518607443,0.7297858530113074,0.7519515783154745,0.7412965186074431,0.7100840336134454
22,0.22518212439147975,0.3151095973081043,0.749499799919968,0.7392489802689282,0.7505229762607631,0.749499799919968,0.5714285714285714
23,0.22083006410723652,0.29530403484292583,0.7406962785114045,0.7321505160280359,0.7458288740410827,0.7406962785114046,0.6274509803921569
24,0.2230189958431401,0.41308095013084006,0.7334933973589436,0.7244067404328594,0.7347791084004616,0.7334933973589438,0.4957983193277311
25,0.21789792943669492,0.29395149739421145,0.7498999599839936,0.746138851797518,0.7615557243370904,0.7498999599839936,0.6470588235294118
26,0.2170976585821447,0.29576760790452045,0.7613045218087235,0.7558498784566464,0.7621659555944846,0.7613045218087235,0.6064425770308123
27,0.21925386593417012,0.2801083476961303,0.7651060424169668,0.7597999885508815,0.764092932790965,0.7651060424169669,0.592436974789916
28,0.21332922690052494,0.3064063938857079,0.7619047619047619,0.7569146373896335,0.7646200269984685,0.761904761904762,0.561624649859944
29,0.21817203664401807,0.3378070816844881,0.7539015606242497,0.7479379164977461,0.7646971089313774,0.7539015606242497,0.530812324929972
30,0.21657696908658153,0.30670830096994317,0.7517006802721088,0.7427267319869403,0.7623906263114131,0.7517006802721088,0.6288515406162465
31,0.2146357337734287,0.28275726164350895,0.764905962384954,0.7617074248195409,0.7732101830803193,0.764905962384954,0.6190476190476191
32,0.209786105737479,0.27813297487488264,0.7627050820328132,0.755101130415093,0.786305966734407,0.7627050820328132,0.742296918767507
33,0.20878444474129756,0.32351213494459596,0.7462985194077632,0.7333261841722478,0.7607400900829766,0.746298519407763,0.6680672268907563
34,0.21182301612871668,0.3059389381026592,0.7539015606242497,0.7423017879396905,0.7750185783356484,0.7539015606242498,0.6302521008403361
35,0.20855239650657173,0.3094699889266429,0.7683073229291717,0.763794757329472,0.7788154129395959,0.7683073229291717,0.5672268907563025
36,0.21124170377437812,0.28554681096138024,0.7709083633453382,0.765801633616473,0.7768973284045871,0.7709083633453382,0.4943977591036415
37,0.20782182709912803,0.2693713893588422,0.7779111644657863,0.7727896182101797,0.8123970637524328,0.7779111644657863,0.4789915966386555
38,0.20969896160871454,0.2648459410562473,0.7833133253301321,0.7815635067274982,0.7920567676441328,0.7833133253301321,0.6162464985994398
39,0.20676458899575034,0.29210197856398573,0.759703881552621,0.7475773267910046,0.7913091621051419,0.7597038815526211,0.7142857142857143
40,0.20413222239680462,0.261219153569049,0.7799119647859144,0.7790680855587243,0.8100841461087416,0.7799119647859144,0.6442577030812325
