index,sample_id,true_label,predicted_label,confidence,snr_db,sps,sample_rate_hz,fading,p_BPSK,p_QPSK,p_8PSK,p_16QAM,p_64QAM,p_2FSK,p_4FSK
0,BPSK_snr+0dB_fs1000000_sps4_cfo+1935Hz_a0.48_rician_low_seed0040.iq,BPSK,BPSK,0.9999996423721313,0,4,1000000,rician_low,0.9999996423721313,2.891181960507083e-09,2.8846626476397574e-11,2.6828564614334027e-07,1.3680794097581384e-07,8.510398052947458e-22,2.4732477541015893e-23
1,BPSK_snr+0dB_fs2000000_sps4_cfo+1221Hz_a0.48_none_seed0033.iq,BPSK,BPSK,0.9999995231628418,0,4,2000000,none,0.9999995231628418,4.916576656910365e-08,1.437849284080528e-09,3.194757596247655e-07,1.6226026389176695e-07,3.6097939627024504e-19,3.582247491211242e-20
2,BPSK_snr+0dB_fs200000_sps8_cfo+1480Hz_a0.26_none_seed0035.iq,BPSK,BPSK,0.9999908208847046,0,8,200000,none,0.9999908208847046,3.43775667488444e-07,9.951405921526657e-09,5.6968324315676e-06,3.0754504223295953e-06,4.2480724761400854e-18,2.2474657509309444e-19
3,BPSK_snr+0dB_fs2048000_sps4_cfo-1574Hz_a0.29_rayleigh_seed0036.iq,BPSK,BPSK,0.9997050166130066,0,4,2048000,rayleigh,0.9997050166130066,1.761727958182746e-06,2.046338209993337e-07,0.00014581634604837745,0.00014723102503921837,1.2095890695312805e-13,1.5726376228824765e-14
4,BPSK_snr+0dB_fs500000_sps4_cfo-3644Hz_a0.30_none_seed0032.iq,BPSK,BPSK,0.9999936819076538,0,4,500000,none,0.9999936819076538,1.092972023997163e-08,2.3166943363683856e-10,3.594818508645403e-06,2.698252728805528e-06,3.252027491027726e-19,1.1463249066725287e-20
5,BPSK_snr+10dB_fs500000_sps16_cfo+3287Hz_a0.31_none_seed0064.iq,BPSK,BPSK,0.9999876022338867,10,16,500000,none,0.9999876022338867,2.159402129109367e-06,1.0090843716170639e-08,5.585152393905446e-06,4.6132795432640705e-06,1.2602928775941605e-17,8.371631109033789e-18
6,BPSK_snr+10dB_fs500000_sps4_cfo+4724Hz_a0.27_none_seed0067.iq,BPSK,BPSK,0.9999969005584717,10,4,500000,none,0.9999969005584717,1.435567498209167e-10,8.976127133242251e-13,1.483243750044494e-06,1.7099077922466677e-06,1.1403359251671887e-20,1.7966421974556344e-22
7,BPSK_snr+10dB_fs500000_sps4_cfo-481Hz_a0.50_rician_low_seed0074.iq,BPSK,BPSK,0.9999988079071045,10,4,500000,rician_low,0.9999988079071045,1.0604202316244482e-07,6.793650086933667e-10,7.540205047007476e-07,3.294630914751906e-07,8.419499870136473e-20,2.113456966389356e-21
8,BPSK_snr+15dB_fs200000_sps4_cfo+2027Hz_a0.37_rician_high_seed0094.iq,BPSK,BPSK,0.9999996423721313,15,4,200000,rician_high,0.9999996423721313,3.3877324057129954e-08,1.9141016549539813e-10,1.6774419009379926e-07,9.046764404274654e-08,4.970973556645244e-20,6.448565153937724e-21
9,BPSK_snr+15dB_fs500000_sps4_cfo+1662Hz_a0.36_rician_high_seed0092.iq,BPSK,BPSK,0.9999991655349731,15,4,500000,rician_high,0.9999991655349731,4.079824034164403e-09,1.4072720419533447e-11,5.230151600699173e-07,3.702569699726155e-07,2.60537642991324e-20,2.2865341597110006e-22
10,BPSK_snr+20dB_fs500000_sps8_cfo+135Hz_a0.30_none_seed0099.iq,BPSK,BPSK,0.9999997615814209,20,8,500000,none,0.9999997615814209,5.687070606108513e-11,5.962559683188665e-14,6.728642887310343e-08,6.561688792317e-08,1.2252343033012137e-23,4.006470771370759e-26
11,BPSK_snr+5dB_fs1000000_sps4_cfo-2578Hz_a0.24_rayleigh_seed0054.iq,BPSK,BPSK,0.9999997615814209,5,4,1000000,rayleigh,0.9999997615814209,5.411353656836759e-11,2.73175606484502e-13,1.0402937533626755e-07,7.240139865416495e-08,7.804599310108606e-24,6.341167790874519e-26
12,BPSK_snr+5dB_fs1000000_sps8_cfo-303Hz_a0.47_rician_low_seed0058.iq,BPSK,BPSK,0.9999997615814209,5,8,1000000,rician_low,0.9999997615814209,5.736121355681689e-09,7.252470846097481e-11,1.63599224833888e-07,8.885672286851332e-08,9.497911552151908e-22,4.3006841151800484e-23
13,BPSK_snr+5dB_fs2048000_sps16_cfo+493Hz_a0.37_rician_low_seed0056.iq,BPSK,BPSK,0.9999992847442627,5,16,2048000,rician_low,0.9999992847442627,1.0079248546901454e-08,1.6090047696981635e-11,3.9099884929783e-07,3.7353163406805834e-07,7.634370542054421e-23,1.204049995894137e-23
14,BPSK_snr+5dB_fs5000000_sps4_cfo-4869Hz_a0.38_rician_high_seed0060.iq,BPSK,BPSK,0.9999995231628418,5,4,5000000,rician_high,0.9999995231628418,3.0214861862498665e-11,1.1043711789244376e-13,1.9569635867355828e-07,1.8040674376607058e-07,2.1323899499699096e-23,9.627974625107749e-26
15,BPSK_snr-10dB_fs1000000_sps8_cfo-2404Hz_a0.25_rician_high_seed0015.iq,BPSK,BPSK,0.44698071479797363,-10,8,1000000,rician_high,0.44698071479797363,0.185319721698761,0.18390651047229767,0.07271277904510498,0.08419071137905121,0.0006407333421520889,0.02624877728521824
16,BPSK_snr-5dB_fs2000000_sps4_cfo-3962Hz_a0.21_rician_low_seed0026.iq,BPSK,BPSK,0.9490964412689209,-5,4,2000000,rician_low,0.9490964412689209,0.015315039083361626,0.010062595829367638,0.013507755473256111,0.011989930644631386,4.242118393449346e-06,2.4029572159633972e-05
17,QPSK_snr+0dB_fs1000000_sps16_cfo-1669Hz_a0.35_none_seed0145.iq,QPSK,QPSK,0.5626239776611328,0,16,1000000,none,3.3046893804566935e-05,0.5626239776611328,0.4365087151527405,0.0007321164011955261,0.00010082660446641967,5.046845217293594e-07,7.21090088973142e-07
18,QPSK_snr+0dB_fs1000000_sps8_cfo-4000Hz_a0.38_rician_low_seed0155.iq,QPSK,QPSK,0.6483932137489319,0,8,1000000,rician_low,1.489738224336179e-06,0.6483932137489319,0.3513517379760742,0.00023574716760776937,1.682399852143135e-05,2.3680134120240837e-07,7.213734534161631e-07
19,QPSK_snr+0dB_fs2048000_sps16_cfo-355Hz_a0.30_none_seed0147.iq,QPSK,QPSK,0.5761956572532654,0,16,2048000,none,3.002251105499454e-05,0.5761956572532654,0.4232727885246277,0.00044540257658809423,4.964455365552567e-05,2.5001429548865417e-06,3.980461315222783e-06
20,QPSK_snr+0dB_fs5000000_sps16_cfo+2041Hz_a0.42_rician_low_seed0154.iq,QPSK,QPSK,0.5672904253005981,0,16,5000000,rician_low,1.4656096936960239e-05,0.5672904253005981,0.43222981691360474,0.0004083637904841453,5.401359885581769e-05,3.4359629808022873e-07,2.3619095372851007e-06
21,QPSK_snr+0dB_fs500000_sps8_cfo+1399Hz_a0.46_rayleigh_seed0151.iq,QPSK,8PSK,0.5216021537780762,0,8,500000,rayleigh,2.562744043643761e-07,0.47828465700149536,0.5216021537780762,9.22299805097282e-05,6.005248906149063e-06,1.3532102229874e-06,1.3308344932738692e-05
22,QPSK_snr+10dB_fs2048000_sps8_cfo+3399Hz_a0.35_none_seed0179.iq,QPSK,QPSK,0.9879143834114075,10,8,2048000,none,5.101402621221496e-06,0.9879143834114075,0.01207391545176506,6.521446721308166e-06,1.9548197371932474e-07,5.891204885033474e-11,9.836707837163061e-12
23,QPSK_snr+10dB_fs500000_sps4_cfo-1781Hz_a0.34_rayleigh_seed0181.iq,QPSK,QPSK,0.9801227450370789,10,4,500000,rayleigh,0.0009742678957991302,0.9801227450370789,0.018541663885116577,0.00034332467475906014,1.802576116460841e-05,8.870330164834073e-11,7.379549193942125e-10
24,QPSK_snr+10dB_fs500000_sps8_cfo+3492Hz_a0.32_rayleigh_seed0182.iq,QPSK,QPSK,0.7926825881004333,10,8,500000,rayleigh,0.001477734069339931,0.7926825881004333,0.20260268449783325,0.002702603815123439,0.000529022014234215,1.6970043361652642e-06,3.74667979485821e-06
25,QPSK_snr+15dB_fs2000000_sps8_cfo-1985Hz_a0.23_rayleigh_seed0199.iq,QPSK,QPSK,0.9676225185394287,15,8,2000000,rayleigh,5.167907147551887e-05,0.9676225185394287,0.032024070620536804,0.0002725453523453325,2.9157939934520982e-05,9.585826354907567e-09,1.4136046777579736e-09
26,QPSK_snr+15dB_fs500000_sps8_cfo-3573Hz_a0.38_rician_low_seed0200.iq,QPSK,QPSK,0.9034451246261597,15,8,500000,rician_low,0.0028092728462070227,0.9034451246261597,0.0924147516489029,0.001164663932286203,0.00016515940660610795,9.082315841624222e-07,1.878991895409854e-07
27,QPSK_snr+20dB_fs5000000_sps16_cfo-3489Hz_a0.24_rayleigh_seed0214.iq,QPSK,QPSK,0.9867002964019775,20,16,5000000,rayleigh,0.0007830055546946824,0.9867002964019775,0.012320310808718204,0.00016065457020886242,3.5782224586000666e-05,2.7116919820713292e-11,1.2456443862496336e-11
28,QPSK_snr+5dB_fs1000000_sps4_cfo-4672Hz_a0.30_rician_low_seed0168.iq,QPSK,QPSK,0.9726623892784119,5,4,1000000,rician_low,5.580344077316113e-05,0.9726623892784119,0.02725585363805294,2.4662038413225673e-05,1.2209682154207258e-06,6.056569690215952e-10,8.92811380381886e-10
29,QPSK_snr+5dB_fs2000000_sps16_cfo+3037Hz_a0.38_rayleigh_seed0164.iq,QPSK,QPSK,0.8727365136146545,5,16,2000000,rayleigh,4.4021030589647125e-06,0.8727365136146545,0.12725013494491577,8.27907570055686e-06,4.129877027025941e-07,7.191860618149803e-08,9.677263079765908e-08
30,QPSK_snr+5dB_fs2048000_sps8_cfo+991Hz_a0.43_rician_low_seed0170.iq,QPSK,QPSK,0.9721114039421082,5,8,2048000,rician_low,2.3979111574590206e-05,0.9721114039421082,0.02784682996571064,1.7086282241507433e-05,7.290344115062908e-07,1.5645075235326544e-09,1.0053513577190643e-09
31,QPSK_snr+5dB_fs5000000_sps4_cfo+2919Hz_a0.29_rician_high_seed0175.iq,QPSK,QPSK,0.9464119076728821,5,4,5000000,rician_high,0.00014784032828174531,0.9464119076728821,0.05321168527007103,0.00021536667190957814,1.3134332220943179e-05,5.224059851371976e-09,3.593189390471707e-08
32,QPSK_snr-10dB_fs2000000_sps4_cfo-3633Hz_a0.43_rician_high_seed0124.iq,QPSK,4FSK,0.2304992526769638,-10,4,2000000,rician_high,0.12368858605623245,0.21906693279743195,0.20779410004615784,0.08140389621257782,0.08567068725824356,0.05187661200761795,0.2304992526769638
33,QPSK_snr-5dB_fs200000_sps4_cfo-2877Hz_a0.33_none_seed0128.iq,QPSK,QPSK,0.41333112120628357,-5,4,200000,none,0.00874960608780384,0.41333112120628357,0.3939286172389984,0.08032003790140152,0.057611893862485886,0.003284857841208577,0.04277381673455238
34,8PSK_snr+0dB_fs1000000_sps16_cfo-246Hz_a0.30_rician_high_seed0268.iq,8PSK,QPSK,0.5266596674919128,0,16,1000000,rician_high,6.78892683936283e-06,0.5266596674919128,0.4730181097984314,0.0002739103219937533,3.0715153116034344e-05,4.134742539463332e-06,6.583650247193873e-06
35,8PSK_snr+0dB_fs2000000_sps4_cfo-1143Hz_a0.49_none_seed0258.iq,8PSK,8PSK,0.5195870399475098,0,4,2000000,none,3.0031578717171215e-05,0.4772507846355438,0.5195870399475098,0.002752971136942506,0.00035947910510003567,9.434434673494252e-07,1.8735214325715788e-05
36,8PSK_snr+0dB_fs5000000_sps4_cfo+1594Hz_a0.37_rician_low_seed0264.iq,8PSK,QPSK,0.48332956433296204,0,4,5000000,rician_low,0.0003378543769940734,0.48332956433296204,0.46118906140327454,0.04077688977122307,0.014283840544521809,5.560348654398695e-06,7.720910070929676e-05
37,8PSK_snr+0dB_fs5000000_sps8_cfo-3464Hz_a0.36_rician_high_seed0271.iq,8PSK,8PSK,0.5533645153045654,0,8,5000000,rician_high,5.50199217741465e-07,0.4464735686779022,0.5533645153045654,0.00013688261969946325,1.005355534289265e-05,3.8110551940917503e-06,1.0566363926045597e-05
38,8PSK_snr+0dB_fs500000_sps4_cfo-3157Hz_a0.46_rician_low_seed0265.iq,8PSK,QPSK,0.45196008682250977,0,4,500000,rician_low,0.0022044889628887177,0.45196008682250977,0.4129509925842285,0.09218484908342361,0.04047399014234543,1.7181351722683758e-05,0.0002083990693790838
39,8PSK_snr+10dB_fs2048000_sps16_cfo+889Hz_a0.33_rician_high_seed0302.iq,8PSK,8PSK,0.9915620684623718,10,16,2048000,rician_high,1.0546617745799125e-10,0.008403860963881016,0.9915620684623718,3.062387622776441e-05,2.7325850737724977e-07,1.5763257579237688e-06,1.6892356597963953e-06
40,8PSK_snr+10dB_fs500000_sps4_cfo-684Hz_a0.24_rician_high_seed0303.iq,8PSK,8PSK,0.8816897869110107,10,4,500000,rician_high,1.9067391576754744e-06,0.11778346449136734,0.8816897869110107,0.0004906539688818157,3.240815567551181e-05,9.261572131435969e-07,9.335937534160621e-07
41,8PSK_snr+10dB_fs500000_sps8_cfo+2270Hz_a0.25_none_seed0289.iq,8PSK,8PSK,0.9855184555053711,10,8,500000,none,1.056572496160868e-09,0.01442413404583931,0.9855184555053711,5.1851409807568416e-05,7.266735337907448e-07,3.0506053008139133e-06,1.7069186242224532e-06
42,8PSK_snr+15dB_fs2000000_sps4_cfo-4760Hz_a0.20_none_seed0304.iq,8PSK,8PSK,0.9627821445465088,15,4,2000000,none,4.2921703879983397e-07,0.03662620112299919,0.9627821445465088,0.0005545348976738751,2.6938754672301002e-05,6.270557605603244e-06,3.573489721020451e-06
43,8PSK_snr+15dB_fs5000000_sps4_cfo-1126Hz_a0.33_rician_low_seed0313.iq,8PSK,8PSK,0.9591726064682007,15,4,5000000,rician_low,3.0609663781433483e-07,0.04014800861477852,0.9591726064682007,0.0006269430159591138,3.599326009862125e-05,8.643071851111017e-06,7.560803169326391e-06
44,8PSK_snr+20dB_fs500000_sps4_cfo+4830Hz_a0.33_none_seed0321.iq,8PSK,8PSK,0.9369441270828247,20,4,500000,none,3.616563333252998e-07,0.0628095492720604,0.9369441270828247,0.00023239044821821153,1.15677221401711e-05,1.0976938256135327e-06,8.851970392242947e-07
45,8PSK_snr+5dB_fs1000000_sps4_cfo-744Hz_a0.20_rayleigh_seed0279.iq,8PSK,QPSK,0.5316020250320435,5,4,1000000,rayleigh,2.5080822524614632e-05,0.5316020250320435,0.4646837115287781,0.0032329538371413946,0.00043181260116398335,9.081744565264671e-07,2.3475329726352356e-05
46,8PSK_snr+5dB_fs1000000_sps8_cfo+435Hz_a0.20_rician_high_seed0287.iq,8PSK,8PSK,0.9532577395439148,5,8,1000000,rician_high,1.7541985641855717e-08,0.046640776097774506,0.9532577395439148,7.231531344586983e-05,1.744712335494114e-06,2.023072556767147e-05,7.19902163837105e-06
47,8PSK_snr+5dB_fs5000000_sps16_cfo+1920Hz_a0.24_none_seed0275.iq,8PSK,8PSK,0.6109971404075623,5,16,5000000,none,1.0347072020522319e-05,0.3888741731643677,0.6109971404075623,7.999811350600794e-05,5.260966645437293e-06,1.3678900359082036e-05,1.93918986042263e-05
48,8PSK_snr+5dB_fs500000_sps8_cfo+4454Hz_a0.32_rician_high_seed0286.iq,8PSK,8PSK,0.9585086703300476,5,8,500000,rician_high,3.245004975838128e-08,0.04139639809727669,0.9585086703300476,8.383261592825875e-05,2.068029971269425e-06,5.237220648268703e-06,3.747576556634158e-06
49,8PSK_snr-10dB_fs1000000_sps4_cfo+4782Hz_a0.45_none_seed0226.iq,8PSK,QPSK,0.2716825008392334,-10,4,1000000,none,0.09806780517101288,0.2716825008392334,0.25802159309387207,0.09859631210565567,0.09566893428564072,0.005697977263480425,0.1722649186849594
50,8PSK_snr-5dB_fs2048000_sps4_cfo-1795Hz_a0.29_rician_low_seed0251.iq,8PSK,8PSK,0.4806760251522064,-5,4,2048000,rician_low,0.00021466614271048456,0.4786331355571747,0.4806760251522064,0.012499472126364708,0.004301310051232576,0.0006712323520332575,0.023004237562417984
51,16QAM_snr+0dB_fs1000000_sps8_cfo+1326Hz_a0.42_rician_high_seed0383.iq,16QAM,16QAM,0.6049567461013794,0,8,1000000,rician_high,3.7574200177914463e-06,0.0003309625026304275,0.0004078272031620145,0.6049567461013794,0.39429911971092224,1.2322616385063156e-06,3.919629136817093e-07
52,16QAM_snr+0dB_fs200000_sps4_cfo+4391Hz_a0.32_rician_low_seed0379.iq,16QAM,16QAM,0.4053056538105011,0,4,200000,rician_low,0.00045681800111196935,0.2052021324634552,0.19951610267162323,0.4053056538105011,0.1894650012254715,6.8956542236264795e-06,4.7440284106414765e-05
53,16QAM_snr+0dB_fs5000000_sps4_cfo-4337Hz_a0.50_rician_low_seed0377.iq,16QAM,QPSK,0.30855798721313477,0,4,5000000,rician_low,0.0039561595767736435,0.30855798721313477,0.30762675404548645,0.17033082246780396,0.14055557548999786,0.002383009996265173,0.06658963859081268
54,16QAM_snr+0dB_fs500000_sps4_cfo+1079Hz_a0.40_rayleigh_seed0375.iq,16QAM,16QAM,0.5555528998374939,0,4,500000,rayleigh,0.00027057647821493447,0.025177089497447014,0.026630882173776627,0.5555528998374939,0.3923584818840027,3.0712731131643523e-06,6.936339104868239e-06
55,16QAM_snr+0dB_fs500000_sps8_cfo-3196Hz_a0.30_none_seed0370.iq,16QAM,16QAM,0.5198479890823364,0,8,500000,none,1.9091972717433237e-05,0.0007607825682498515,0.0008063869317993522,0.5198479890823364,0.47856226563453674,2.0009617855976103e-06,1.5373409496532986e-06
56,16QAM_snr+10dB_fs5000000_sps16_cfo+1784Hz_a0.46_rayleigh_seed0404.iq,16QAM,64QAM,0.5281764268875122,10,16,5000000,rayleigh,6.466027571150335e-07,2.182456046284642e-05,4.851322955801152e-05,0.471749484539032,0.5281764268875122,2.701284529393888e-06,4.3873168920072203e-07
57,16QAM_snr+10dB_fs500000_sps8_cfo-3148Hz_a0.21_none_seed0401.iq,16QAM,16QAM,0.7616961002349854,10,8,500000,none,8.56689439387992e-07,2.5104132873821072e-05,0.00011046417785109952,0.7616961002349854,0.23816253244876862,3.631516619861941e-06,1.366014998893661e-06
58,16QAM_snr+10dB_fs500000_sps8_cfo-3669Hz_a0.48_rayleigh_seed0407.iq,16QAM,16QAM,0.658703625202179,10,8,500000,rayleigh,2.2564384494216938e-07,1.173185319203185e-05,3.166947863064706e-05,0.658703625202179,0.3412518799304962,7.34525031020894e-07,1.2972546414857788e-07
59,16QAM_snr+15dB_fs2000000_sps4_cfo+3059Hz_a0.40_rayleigh_seed0420.iq,16QAM,16QAM,0.5522518754005432,15,4,2000000,rayleigh,9.520348953628854e-07,1.827225787565112e-05,5.298210453474894e-05,0.5522518754005432,0.4476737976074219,1.8308791140952962e-06,2.3484358280256856e-07
60,16QAM_snr+15dB_fs500000_sps8_cfo+1898Hz_a0.38_rician_low_seed0427.iq,16QAM,16QAM,0.7625040411949158,15,8,500000,rician_low,1.785426917422228e-08,2.8885726806038292e-06,3.190147617715411e-05,0.7625040411949158,0.23746052384376526,5.337872153177159e-07,4.415612409047753e-08
61,16QAM_snr+20dB_fs500000_sps8_cfo-4195Hz_a0.33_rician_low_seed0443.iq,16QAM,16QAM,0.9059785008430481,20,8,500000,rician_low,9.956664825949701e-08,3.928509613615461e-06,4.78498732263688e-05,0.9059785008430481,0.0939687192440033,6.984545848354173e-07,2.0776880660378083e-07
62,16QAM_snr+5dB_fs1000000_sps16_cfo+3479Hz_a0.40_none_seed0386.iq,16QAM,16QAM,0.655689001083374,5,16,1000000,none,1.2478611097321846e-05,8.853323379298672e-05,0.00016480337944813073,0.655689001083374,0.34404367208480835,1.296403070227825e-06,2.856801870620984e-07
63,16QAM_snr+5dB_fs1000000_sps16_cfo-3545Hz_a0.43_rician_low_seed0395.iq,16QAM,16QAM,0.6326069235801697,5,16,1000000,rician_low,1.9053046344197355e-05,0.00023460190277546644,0.00038540642708539963,0.6326069235801697,0.36673101782798767,1.6701473214197904e-05,6.398730874934699e-06
64,16QAM_snr+5dB_fs2000000_sps8_cfo-4500Hz_a0.41_rician_high_seed0399.iq,16QAM,64QAM,0.5483518838882446,5,8,2000000,rician_high,1.585023490235926e-08,3.40782435159781e-07,8.577309245083597e-07,0.45164668560028076,0.5483518838882446,2.7219289222557563e-07,2.022189882211478e-08
65,16QAM_snr+5dB_fs2048000_sps4_cfo-1687Hz_a0.26_rician_high_seed0397.iq,16QAM,16QAM,0.6232975721359253,5,4,2048000,rician_high,4.894121502729831e-06,0.00013651017798110843,0.00019231019541621208,0.6232975721359253,0.37636858224868774,1.652446712796518e-07,3.8872034480164075e-08
66,16QAM_snr-10dB_fs2000000_sps16_cfo+3290Hz_a0.27_rayleigh_seed0341.iq,16QAM,QPSK,0.3770393431186676,-10,16,2000000,rayleigh,0.01004621759057045,0.3770393431186676,0.36665937304496765,0.1264260858297348,0.09974208474159241,0.0004251815553288907,0.019661713391542435
67,16QAM_snr-5dB_fs200000_sps8_cfo+981Hz_a0.45_rician_low_seed0363.iq,16QAM,QPSK,0.4312085211277008,-5,8,200000,rician_low,0.001449481351301074,0.4312085211277008,0.38414064049720764,0.11108466237783432,0.06559465825557709,0.00042012048652395606,0.006101994775235653
68,64QAM_snr+0dB_fs1000000_sps4_cfo+1287Hz_a0.39_none_seed0483.iq,64QAM,64QAM,0.5326638221740723,0,4,1000000,none,4.670322141464567e-06,0.00011729654943337664,0.00016073045844677836,0.46705299615859985,0.5326638221740723,3.827259149602469e-07,1.3002383525417827e-07
69,64QAM_snr+0dB_fs2000000_sps16_cfo+3749Hz_a0.22_none_seed0480.iq,64QAM,64QAM,0.5378033518791199,0,16,2000000,none,6.819259397161659e-06,6.748241139575839e-05,8.017603249754757e-05,0.4620421528816223,0.5378033518791199,7.715586392009754e-09,4.364685057822726e-09
70,64QAM_snr+0dB_fs200000_sps16_cfo-3852Hz_a0.24_none_seed0481.iq,64QAM,64QAM,0.5857903361320496,0,16,200000,none,0.0060662515461444855,0.0004225329030305147,0.00043262250255793333,0.4070757329463959,0.5857903361320496,0.00015729873848613352,5.524117295863107e-05
71,64QAM_snr+0dB_fs2048000_sps8_cfo+2265Hz_a0.30_none_seed0482.iq,64QAM,64QAM,0.5765034556388855,0,8,2048000,none,1.9272720237495378e-06,1.549425724078901e-05,1.77299134520581e-05,0.42346128821372986,0.5765034556388855,1.1248707210143039e-07,2.3943075078136644e-08
72,64QAM_snr+0dB_fs500000_sps8_cfo-700Hz_a0.43_rician_high_seed0495.iq,64QAM,64QAM,0.544014036655426,0,8,500000,rician_high,8.14675260585318e-08,3.0089568099356256e-06,4.6307509364851285e-06,0.45597803592681885,0.544014036655426,1.556571618266389e-07,1.418883144310712e-08
73,64QAM_snr+10dB_fs2048000_sps4_cfo-3070Hz_a0.39_rician_low_seed0521.iq,64QAM,16QAM,0.663425624370575,10,4,2048000,rician_low,1.8547958688941435e-06,6.339143874356523e-05,0.00015526912466157228,0.663425624370575,0.3363523781299591,1.328541884504375e-06,2.491364341494773e-07
74,64QAM_snr+10dB_fs500000_sps4_cfo+1621Hz_a0.31_rician_high_seed0524.iq,64QAM,64QAM,0.7385539412498474,10,4,500000,rician_high,1.5373673534213594e-07,3.40169812318436e-08,5.973183903051904e-08,0.2614457309246063,0.7385539412498474,7.446363525787092e-08,3.3543854360829073e-09
75,64QAM_snr+10dB_fs500000_sps8_cfo+31Hz_a0.39_rician_high_seed0526.iq,64QAM,64QAM,0.6949969530105591,10,8,500000,rician_high,8.010024998839071e-08,6.297294419255195e-08,1.293701501481337e-07,0.3050025403499603,0.6949969530105591,1.8013106739545037e-07,7.299664428472852e-09
76,64QAM_snr+15dB_fs200000_sps16_cfo+1366Hz_a0.36_rician_high_seed0543.iq,64QAM,64QAM,0.6200088858604431,15,16,200000,rician_high,1.2130501545470906e-06,5.44217391507118e-06,1.7051153918146156e-05,0.3799634277820587,0.6200088858604431,3.6225251278665382e-06,4.2369606489955913e-07
77,64QAM_snr+15dB_fs500000_sps8_cfo-1784Hz_a0.40_none_seed0528.iq,64QAM,64QAM,0.8205874562263489,15,8,500000,none,1.3230391004981357e-07,9.38470989808593e-09,1.7527661100302794e-08,0.1794123500585556,0.8205874562263489,7.230674015090699e-08,4.689784116607143e-09
78,64QAM_snr+20dB_fs500000_sps16_cfo-3423Hz_a0.34_none_seed0547.iq,64QAM,64QAM,0.793066680431366,20,16,500000,none,3.6809881294175284e-06,1.8996040296315186e-07,3.030953337201936e-07,0.20692859590053558,0.793066680431366,4.954234213983e-07,8.035363663339012e-08
79,64QAM_snr+5dB_fs1000000_sps4_cfo+1338Hz_a0.43_rayleigh_seed0502.iq,64QAM,64QAM,0.503128707408905,5,4,1000000,rayleigh,7.959525100886822e-05,0.000757133646402508,0.0008730925619602203,0.49516087770462036,0.503128707408905,3.306298026473087e-07,2.6274196329723054e-07
80,64QAM_snr+5dB_fs1000000_sps4_cfo-3434Hz_a0.47_none_seed0496.iq,64QAM,64QAM,0.5179473161697388,5,4,1000000,none,7.078088515299896e-07,3.809044528679806e-06,6.137776381365256e-06,0.4820418059825897,0.5179473161697388,1.9006445484137657e-07,1.816097494611313e-08
81,64QAM_snr+5dB_fs5000000_sps4_cfo-749Hz_a0.29_rayleigh_seed0500.iq,64QAM,64QAM,0.5426993370056152,5,4,5000000,rayleigh,4.567839823721442e-06,0.00016795478586573154,0.00022421505127567798,0.45690277218818665,0.5426993370056152,6.521819386762218e-07,4.435558196291822e-07
82,64QAM_snr+5dB_fs500000_sps4_cfo+3644Hz_a0.24_rician_low_seed0507.iq,64QAM,64QAM,0.5358028411865234,5,4,500000,rician_low,1.8516458055728435e-07,2.883521574403858e-06,5.020875960326521e-06,0.46418896317481995,0.5358028411865234,7.917763866771566e-08,5.890234078265166e-09
83,64QAM_snr-10dB_fs1000000_sps8_cfo-2519Hz_a0.33_none_seed0448.iq,64QAM,QPSK,0.2647239863872528,-10,8,1000000,none,0.10138773173093796,0.2647239863872528,0.25667616724967957,0.14625610411167145,0.1564323455095291,0.0025074537843465805,0.07201623171567917
84,64QAM_snr-5dB_fs2000000_sps8_cfo+4115Hz_a0.34_rayleigh_seed0469.iq,64QAM,16QAM,0.5339383482933044,-5,8,2000000,rayleigh,0.0002457880473230034,0.03460748493671417,0.03330084681510925,0.5339383482933044,0.3979034423828125,1.0007514674725826e-06,3.126693854937912e-06
85,2FSK_snr+0dB_fs1000000_sps16_cfo+3902Hz_aNA_rayleigh_seed0598.iq,2FSK,2FSK,0.9999761581420898,0,16,1000000,rayleigh,2.9522833067119336e-09,2.012043331944824e-08,1.5226329708184494e-07,1.0582418497051549e-08,6.157148568775028e-09,0.9999761581420898,2.366365515626967e-05
86,2FSK_snr+0dB_fs1000000_sps8_cfo+514Hz_aNA_rayleigh_seed0599.iq,2FSK,2FSK,0.9991160035133362,0,8,1000000,rayleigh,1.2960883566393022e-07,4.251896825735457e-06,2.2652609914075583e-05,3.2737963806539483e-07,1.2094565704501292e-07,0.9991160035133362,0.000856428116094321
87,2FSK_snr+0dB_fs2048000_sps16_cfo-2899Hz_aNA_rician_high_seed0607.iq,2FSK,2FSK,0.995965838432312,0,16,2048000,rician_high,7.33762495208623e-10,1.4416009435080923e-06,1.0406903129478451e-05,2.12957185219409e-09,2.8709246091551677e-10,0.995965838432312,0.004022365901619196
88,2FSK_snr+0dB_fs2048000_sps8_cfo+2713Hz_aNA_none_seed0593.iq,2FSK,2FSK,0.9989320635795593,0,8,2048000,none,1.862844243305517e-07,1.546976932331745e-06,7.227513833640842e-06,7.828366221929173e-08,2.072831328803204e-08,0.9989320635795593,0.0010588477598503232
89,2FSK_snr+0dB_fs500000_sps8_cfo-3499Hz_aNA_rician_low_seed0600.iq,2FSK,2FSK,0.999974250793457,0,8,500000,rician_low,3.725703634493982e-10,5.864838562713581e-12,2.5864001912401235e-11,4.084628902473186e-12,5.979732767974477e-13,0.999974250793457,2.5729752451297827e-05
90,2FSK_snr+10dB_fs2048000_sps8_cfo-224Hz_aNA_rician_high_seed0637.iq,2FSK,2FSK,0.9999935626983643,10,8,2048000,rician_high,5.897473481786264e-11,5.713962192288591e-09,7.081908393047343e-08,1.6405776737116184e-10,2.958250311380084e-11,0.9999935626983643,6.317844508885173e-06
91,2FSK_snr+10dB_fs500000_sps4_cfo+3279Hz_aNA_rayleigh_seed0631.iq,2FSK,2FSK,0.9980512857437134,10,4,500000,rayleigh,6.490488146937423e-10,7.80226794630523e-13,4.035900953713867e-12,8.489709044275096e-13,4.603445513781841e-14,0.9980512857437134,0.0019487659446895123
92,2FSK_snr+10dB_fs500000_sps4_cfo-4087Hz_aNA_rayleigh_seed0629.iq,2FSK,2FSK,0.9977460503578186,10,4,500000,rayleigh,1.9174137833033456e-09,2.411664834847671e-12,1.003739712873708e-11,3.4953910425794543e-12,2.675125745921214e-13,0.9977460503578186,0.002253958722576499
93,2FSK_snr+15dB_fs2000000_sps16_cfo-2222Hz_aNA_rician_high_seed0654.iq,2FSK,2FSK,0.9998979568481445,15,16,2000000,rician_high,5.996391577722804e-11,4.6258068486793036e-09,1.6389503798563965e-07,8.858057620741988e-10,1.3424499012426594e-10,0.9998979568481445,0.00010189211025135592
94,2FSK_snr+15dB_fs500000_sps8_cfo-4613Hz_aNA_rician_low_seed0651.iq,2FSK,2FSK,0.9999816417694092,15,8,500000,rician_low,1.735905996724796e-08,8.180530919332796e-09,2.2771009966504607e-08,1.3069078041993976e-09,3.151661154277008e-10,0.9999816417694092,1.8353164705331437e-05
95,2FSK_snr+20dB_fs5000000_sps8_cfo-822Hz_aNA_rician_low_seed0664.iq,2FSK,2FSK,0.9996738433837891,20,8,5000000,rician_low,1.5595318439420858e-11,1.1255644853658264e-14,6.679802110748367e-14,1.1099799261692946e-14,4.936357138854333e-16,0.9996738433837891,0.000326228589983657
96,2FSK_snr+5dB_fs1000000_sps8_cfo+891Hz_aNA_none_seed0609.iq,2FSK,2FSK,0.999997615814209,5,8,1000000,none,1.171136619756638e-13,9.074836372919206e-18,6.338014686825438e-17,1.762401766453444e-17,1.0839957909226725e-18,0.999997615814209,2.4247840428870404e-06
97,2FSK_snr+5dB_fs1000000_sps8_cfo-1940Hz_aNA_rayleigh_seed0614.iq,2FSK,2FSK,0.99968421459198,5,8,1000000,rayleigh,4.900060565637965e-11,1.604095918323733e-14,7.590857196287937e-14,2.2722177194260326e-14,1.5309739356795214e-15,0.99968421459198,0.00031574652530252934
98,2FSK_snr+5dB_fs2048000_sps16_cfo+396Hz_aNA_none_seed0610.iq,2FSK,2FSK,0.9980987906455994,5,16,2048000,none,4.367178174646824e-09,1.629630105526303e-06,6.037028924765764e-06,2.4631097161886828e-08,6.640177296901584e-09,0.9980987906455994,0.0018934705294668674
99,2FSK_snr+5dB_fs500000_sps4_cfo+970Hz_aNA_rayleigh_seed0612.iq,2FSK,2FSK,0.9984644651412964,5,4,500000,rayleigh,9.972075387665313e-10,6.702833275397391e-13,2.9770617394897503e-12,1.1708794741063788e-12,8.626523703269412e-14,0.9984644651412964,0.0015355100622400641
100,2FSK_snr-10dB_fs2000000_sps4_cfo+3396Hz_aNA_rician_high_seed0575.iq,2FSK,2FSK,0.8012627363204956,-10,4,2000000,rician_high,0.0005645024939440191,6.291035970207304e-05,0.00010861604823730886,3.9444701542379335e-05,1.544570659461897e-05,0.8012627363204956,0.19794631004333496
101,2FSK_snr-5dB_fs5000000_sps4_cfo+1905Hz_aNA_rician_low_seed0587.iq,2FSK,2FSK,0.9237725734710693,-5,4,5000000,rician_low,3.2482184906257316e-05,1.225031496687734e-06,2.8486422252171906e-06,1.013280439110531e-06,2.786183870284731e-07,0.9237725734710693,0.07618962228298187
102,4FSK_snr+0dB_fs1000000_sps4_cfo+756Hz_aNA_none_seed0706.iq,4FSK,4FSK,0.9895482063293457,0,4,1000000,none,2.817227868945338e-05,8.195993723347783e-05,0.00014561598072759807,1.7280199244851246e-05,3.860192919091787e-06,0.010174927301704884,0.9895482063293457
103,4FSK_snr+0dB_fs2000000_sps4_cfo-2694Hz_aNA_rayleigh_seed0711.iq,4FSK,4FSK,0.9988574981689453,0,4,2000000,rayleigh,6.827321499258687e-07,7.692136023251805e-06,2.158411734853871e-05,1.0921853572654072e-06,1.3421554001524783e-07,0.0011113471118733287,0.9988574981689453
104,4FSK_snr+0dB_fs2048000_sps4_cfo+914Hz_aNA_rician_low_seed0714.iq,4FSK,4FSK,0.991741418838501,0,4,2048000,rician_low,8.022512702154927e-06,5.221645551500842e-05,0.00010326186747988686,9.1776500994456e-06,1.6671332332407474e-06,0.008084351196885109,0.991741418838501
105,4FSK_snr+0dB_fs5000000_sps16_cfo-4790Hz_aNA_rician_low_seed0713.iq,4FSK,4FSK,0.9939607381820679,0,16,5000000,rician_low,1.8360730713595785e-09,0.000875707424711436,0.003751438343897462,5.7030988500628155e-06,4.4343974536786845e-07,0.0014058633241802454,0.9939607381820679
106,4FSK_snr+0dB_fs500000_sps8_cfo-2008Hz_aNA_none_seed0707.iq,4FSK,4FSK,0.9880055785179138,0,8,500000,none,1.4245068769014324e-07,0.002341246698051691,0.004330214112997055,1.4170897884469014e-05,1.9654737570817815e-06,0.005306673236191273,0.9880055785179138
107,4FSK_snr+10dB_fs2048000_sps8_cfo+1891Hz_aNA_rician_high_seed0750.iq,4FSK,4FSK,0.9975479245185852,10,8,2048000,rician_high,2.0706918124613338e-10,7.126501441234723e-05,0.0013844793429598212,1.9586602775234496e-06,5.322987561839909e-08,0.0009943958139047027,0.9975479245185852
108,4FSK_snr+10dB_fs500000_sps4_cfo+810Hz_aNA_rician_low_seed0747.iq,4FSK,4FSK,0.9996567964553833,10,4,500000,rician_low,2.3337853871652214e-09,3.6045873912371462e-06,2.5512852516840212e-05,6.800367913228911e-08,2.5357651534108072e-09,0.0003140759072266519,0.9996567964553833
109,4FSK_snr+10dB_fs500000_sps4_cfo-3038Hz_aNA_rayleigh_seed0742.iq,4FSK,4FSK,0.9998661279678345,10,4,500000,rayleigh,2.142025889995125e-09,4.4675894628198876e-07,1.5127388905966654e-06,7.118213574131005e-09,3.2760680279686483e-10,0.0001318259455729276,0.9998661279678345
110,4FSK_snr+15dB_fs2000000_sps8_cfo+4785Hz_aNA_rician_low_seed0760.iq,4FSK,4FSK,0.9598445892333984,15,8,2000000,rician_low,0.0001384858478559181,0.00498037226498127,0.009509777650237083,0.0007813168340362608,0.00018021301366388798,0.024565277621150017,0.9598445892333984
111,4FSK_snr+15dB_fs500000_sps8_cfo-3374Hz_aNA_none_seed0755.iq,4FSK,4FSK,0.9848933815956116,15,8,500000,none,0.00012621338828466833,0.002415846334770322,0.004401108715683222,0.0007085655233822763,0.00016643495473545045,0.0072883847169578075,0.9848933815956116
112,4FSK_snr+20dB_fs2048000_sps4_cfo-2959Hz_aNA_rayleigh_seed0773.iq,4FSK,4FSK,0.985180139541626,20,4,2048000,rayleigh,1.0285263670084532e-05,6.538737216033041e-05,0.00013914029113948345,1.058655197994085e-05,1.873232008620107e-06,0.014592518098652363,0.985180139541626
113,4FSK_snr+5dB_fs1000000_sps8_cfo-4501Hz_aNA_none_seed0721.iq,4FSK,4FSK,0.995913565158844,5,8,1000000,none,8.851751553962117e-10,0.0002898556995205581,0.002930788090452552,6.705387022520881e-06,3.5090684491478896e-07,0.0008586727199144661,0.995913565158844
114,4FSK_snr+5dB_fs2000000_sps16_cfo+2052Hz_aNA_rician_high_seed0732.iq,4FSK,4FSK,0.9927351474761963,5,16,2000000,rician_high,4.189648628027953e-09,0.0003336772497277707,0.0032054560724645853,4.025518592243316e-06,1.9306810372654581e-07,0.0037214504554867744,0.9927351474761963
115,4FSK_snr+5dB_fs2048000_sps4_cfo+654Hz_aNA_rician_low_seed0730.iq,4FSK,4FSK,0.9993877410888672,5,4,2048000,rician_low,3.2168841812563187e-07,6.994901013968047e-06,1.591666841704864e-05,8.264420330306166e-07,9.827817848417908e-08,0.0005879364907741547,0.9993877410888672
116,4FSK_snr+5dB_fs5000000_sps4_cfo-1275Hz_aNA_rician_low_seed0728.iq,4FSK,4FSK,0.9982131719589233,5,4,5000000,rician_low,1.7357891920255497e-05,0.00016896950546652079,0.00029402782092802227,3.0359378797584213e-05,6.981843853282044e-06,0.001269133877940476,0.9982131719589233
117,4FSK_snr-10dB_fs1000000_sps16_cfo+4483Hz_aNA_rayleigh_seed0677.iq,4FSK,QPSK,0.26623213291168213,-10,16,1000000,rayleigh,0.09046078473329544,0.26623213291168213,0.2589588761329651,0.12350046634674072,0.12158500403165817,0.004162491764873266,0.13510024547576904
118,4FSK_snr-5dB_fs200000_sps8_cfo-325Hz_aNA_rician_high_seed0701.iq,4FSK,4FSK,0.33118826150894165,-5,8,200000,rician_high,0.0009292536997236311,0.21163897216320038,0.23375077545642853,0.03204187750816345,0.02347213588654995,0.166978657245636,0.33118826150894165
