epoch,train_loss,validation_loss,validation_accuracy,validation_macro_f1,validation_macro_precision,validation_macro_recall,validation_64qam_recall,batch_loading_seconds,file_load_sample_seconds,preprocessing_sample_seconds,gpu_compute_seconds,validation_seconds,epoch_seconds,train_samples_per_second,gpu_utilization_pct,gpu_memory_used_mb
1,0.17008115910675936,0.14478558002963288,0.8403361344537815,0.8392474334702051,0.8503946450375022,0.8403361344537815,0.7647058823529411,2.0838475999971706,7.447143399993365,4.8360324000150285,1.4938180294036865,7.494317999999112,31.413636399998722,22.82673740402272,78,256
2,0.19932743508518833,0.1448646780659108,0.8403361344537815,0.8392474334702051,0.8503946450375022,0.8403361344537815,0.7647058823529411,1.4392039999947883,3.2057319000086864,5.035396199995375,0.8149389724731445,0.5601936000002752,2.89097430000038,234.25627301615097,0,258
3,0.1847945273250014,0.14419123310079218,0.8487394957983193,0.8489091427286887,0.8604875283446712,0.8487394957983193,0.7647058823529411,1.2134584999985236,2.8063164000213874,4.795843099969716,0.8755823392868042,0.5607971000008547,2.72249919999922,252.57874338948596,53,258
4,0.17972394693028795,0.14444660796478642,0.8487394957983193,0.8489091427286887,0.8604875283446712,0.8487394957983193,0.7647058823529411,1.1345767000020714,2.7414638000173,4.9399371999788855,0.9944330549240112,0.5294646000002103,2.7307364999996935,248.0384181527635,28,258
5,0.18060929374598758,0.13719690650576302,0.8487394957983193,0.846167379418611,0.8545454545454546,0.8487394957983193,0.8235294117647058,0.7846999000030337,2.7282882000035897,4.759386500016262,1.2992993297576905,0.5224198999985674,2.6760971000003337,253.5198868240571,0,262
6,0.2022084715220081,0.1616422011665687,0.8319327731092437,0.8326530612244899,0.8493742368742367,0.8319327731092437,0.6470588235294118,0.9391158999987965,2.635523999988436,4.73512159999882,1.1312496280670166,0.5167256999993697,2.6609329000002617,254.63957028022892,72,262
7,0.18556585340272813,0.14256648140951617,0.8571428571428571,0.8583561473369835,0.871947496947497,0.8571428571428571,0.7647058823529411,0.9422750999983691,2.5483441000251332,4.860863799976869,1.1336037750244141,0.5483593000008113,2.6942768000008073,254.43662209754152,12,262
8,0.18998384235542773,0.15248066013162376,0.8487394957983193,0.8472960986785872,0.8527030509173367,0.8487394957983193,0.7647058823529411,0.9533627999990131,2.609873499997775,5.219695500010857,1.2250441246032715,0.5164948999990884,2.762073199999577,243.14449422666812,0,262
9,0.19046636859139243,0.14264371268795567,0.8487394957983193,0.849791944529761,0.8614945978391357,0.8487394957983193,0.7058823529411765,0.8611493999997037,2.4112615000140067,4.984680999985358,1.1528345909118651,0.5123676999992313,2.6056104999988747,260.8393063624024,0,262
10,0.1802877868924822,0.15212636333381555,0.8319327731092437,0.8326530612244899,0.8493742368742367,0.8319327731092437,0.6470588235294118,0.799043699997128,2.089168400010749,4.9707225000238395,1.209449444770813,0.5176396000006207,2.591576199998599,263.2674499309826,0,262
11,0.201428404766998,0.13917542940803937,0.865546218487395,0.8658056325978667,0.8855103066867773,0.8655462184873949,0.8235294117647058,0.7128712999965501,1.9395120000044699,4.827086299988878,1.1762206077575683,0.4900745000013558,2.4455904999995255,279.2101931155312,0,262
12,0.1801137298673064,0.14195308380392418,0.8571428571428571,0.8575508252081321,0.8723784385549092,0.8571428571428571,0.8235294117647058,0.8717189000035432,2.007085299992468,5.167714099980003,1.1236577596664428,0.47690329999932146,2.540201600000728,264.62484847664916,3,262
13,0.19347716118558736,0.13952614320833392,0.8571428571428571,0.8589035614245698,0.8762766645119587,0.8571428571428571,0.8235294117647058,0.872903999992559,2.1282106999806274,4.974297399963689,1.0924472637176514,0.5211962000012136,2.560957199999393,267.67841918758484,26,262
14,0.19205594457456002,0.15710385294020676,0.8571428571428571,0.8562246701071586,0.8622268604411462,0.8571428571428571,0.7647058823529411,0.8534805999952368,2.092446300011943,4.866397599975244,1.1031337280273437,0.5299644999995508,2.552853799999866,269.9109634916329,71,262
15,0.18459295484172555,0.14327973824683107,0.8403361344537815,0.8414664252797894,0.8574917146345717,0.8403361344537815,0.7058823529411765,0.7581745000061346,2.118756499983647,4.802676800007248,1.1734075479507446,0.5235351999999693,2.5233650999998645,273.02322062492846,0,262
16,0.18338991043195402,0.1408491610244167,0.8571428571428571,0.8575508252081321,0.8723784385549092,0.8571428571428571,0.8235294117647058,0.8346530999988317,2.1332310999896436,4.966154400008236,1.1406714878082276,0.531116899999688,2.573927299999923,267.2788429116756,48,262
17,0.17181011373961802,0.13990288027053496,0.8571428571428571,0.8557684612306461,0.8629129040893747,0.8571428571428571,0.8235294117647058,0.8406494000028033,2.197619800015673,4.803557199995339,1.1103425846099853,0.5244356000002881,2.539065100001608,271.01757419894943,50,262
18,0.17472211118692008,0.13258232392308092,0.865546218487395,0.8683057973922708,0.8851994644011452,0.8655462184873951,0.8235294117647058,0.8417118999968807,2.3230244999595016,4.81571680000161,1.1315518703460694,0.5382574000013847,2.5822623999993084,267.1226342404028,0,262
19,0.175134138855742,0.14362900029523534,0.8571428571428571,0.8575508252081321,0.8723784385549092,0.8571428571428571,0.8235294117647058,0.9003975999967224,2.2147897999893758,5.212589600016145,1.1843255958557128,0.518188399999417,2.6721744000005856,253.4835416756208,75,262
20,0.20063369085879199,0.16464378221445725,0.8403361344537815,0.8414664252797894,0.8574917146345717,0.8403361344537815,0.7058823529411765,0.8048244999990857,2.21130510000512,5.399253800000224,1.271106586456299,0.48486599999887403,2.6315085999995063,254.35067765814355,0,262
21,0.16128390972867554,0.13294774183549551,0.865546218487395,0.8683057973922708,0.8851994644011452,0.8655462184873951,0.8235294117647058,0.7388627999989694,1.8704124000087177,4.918715299985706,1.1604888916015625,0.45192600000154926,2.412904900000285,278.43236865034703,0,262
22,0.19112456194210403,0.15210526130170005,0.865546218487395,0.8658056325978667,0.8855103066867773,0.8655462184873949,0.8235294117647058,0.7347656999991159,1.9562180000029912,4.887722099971143,1.117211522102356,0.47152640000058454,2.3985563999995065,283.33757128861794,22,262
23,0.18620105526468037,0.14628209901519684,0.8571428571428571,0.8575508252081321,0.8723784385549092,0.8571428571428571,0.8235294117647058,0.7495806000079028,1.8961645999934262,4.76760130002549,1.1283116226196288,0.4648410999998305,2.411297900000136,280.50969330524794,45,262
24,0.1987470057639447,0.16187841538144196,0.8403361344537815,0.8414664252797894,0.8574917146345717,0.8403361344537815,0.7058823529411765,0.7317542000018875,1.9882983000097738,4.881654199996774,1.1511663360595703,0.47841500000140513,2.433751900000061,279.2357675039914,68,262
25,0.17133614942158534,0.18048470312956438,0.8319327731092437,0.8294389558214444,0.8336554318697177,0.8319327731092437,0.6470588235294118,0.7912171999996644,1.875911900004212,4.779546500009019,1.09827583694458,0.4936873000006017,2.447185199998785,279.49863677893273,70,262
26,0.17352317143982146,0.1483706675172478,0.8403361344537815,0.8429349196542834,0.8616646658663465,0.8403361344537815,0.7058823529411765,0.801036099996054,1.921136499988279,4.811125700009143,1.1228467807769775,0.49036309999974037,2.481175599999915,274.25988132983497,69,262
